Year,Emirate_Ar,Emirate_En,Category_Type_Ar,Category_Type_En,Measurement_unit_Ar,Measurement_unit_En,??? ??????,Station Name,??? ???? ?????? ,Type of Location ,Value
2006,???,Dubai,????? ??? ????? ??????? (CO),Carbon Monoxide (CO) Concentration,???????/??? ????,mg/m3,???? ,Deira,????? ,Residential,0.91591
2006,???,Dubai,????? ??? ????? ??????? (CO),Carbon Monoxide (CO) Concentration,???????/??? ????,mg/m3,????? ,Al Safa,????? ,Residential,0.80142
2006,???,Dubai,????? ??? ????? ??????? (CO),Carbon Monoxide (CO) Concentration,???????/??? ????,mg/m3,??????? , Al Karama,????? ,Residential,1.0304
2006,???,Dubai,????? ??? ????? ??????? (CO),Carbon Monoxide (CO) Concentration,???????/??? ????,mg/m3,?????? ,Al Mushref,????? / ?????,Residential / Park,-
2006,???????,Fujairah,????? ??? ????? ??????? (CO),Carbon Monoxide (CO) Concentration,???????/??? ????,mg/m3,?????,Sakamkam,??????? / ?????,Urban/Residential,1.225031111
2006,???????,Fujairah,????? ??? ????? ??????? (CO),Carbon Monoxide (CO) Concentration,???????/??? ????,mg/m3,??????,Airport,??????,Industrial,1.144888889
2007,??????,Abu Dhabi  ,????? ??? ????? ??????? (CO),Carbon Monoxide (CO) Concentration,???????/??? ????,mg/m4,???? ?????,Hamdan Street,???? ??????,Beside Road,1.6
2007,??????,Abu Dhabi  ,????? ??? ????? ??????? (CO),Carbon Monoxide (CO) Concentration,???????/??? ????,mg/m5,???? ????? ,Al-Ain Street,???? ??????,Beside Road,2.2
2007,???,Dubai,????? ??? ????? ??????? (CO),Carbon Monoxide (CO) Concentration,???????/??? ????,mg/m3,???? ,Deira,????? ,Residential,0.686933333
2007,???,Dubai,????? ??? ????? ??????? (CO),Carbon Monoxide (CO) Concentration,???????/??? ????,mg/m3,????? ,Al Safa,????? ,Residential,0.686933333
2007,???,Dubai,????? ??? ????? ??????? (CO),Carbon Monoxide (CO) Concentration,???????/??? ????,mg/m3,??????? , Al Karama,????? ,Residential,0.801422222
2007,???,Dubai,????? ??? ????? ??????? (CO),Carbon Monoxide (CO) Concentration,???????/??? ????,mg/m3,?????? ,Al Mushref,????? / ?????,Residential / Park,-
2007,???????,Fujairah,????? ??? ????? ??????? (CO),Carbon Monoxide (CO) Concentration,???????/??? ????,mg/m3,?????,Sakamkam,??????? / ?????,Urban/Residential,1.488355556
2007,???????,Fujairah,????? ??? ????? ??????? (CO),Carbon Monoxide (CO) Concentration,???????/??? ????,mg/m3,??????,Airport,??????,Industrial,1.259377778
2008,??????,Abu Dhabi  ,????? ??? ????? ??????? (CO),Carbon Monoxide (CO) Concentration,???????/??? ????,mg/m6,???? ?????,Hamdan Street,???? ??????,Beside Road,1.4
2008,??????,Abu Dhabi  ,????? ??? ????? ??????? (CO),Carbon Monoxide (CO) Concentration,???????/??? ????,mg/m7,???? ????? ,Al-Ain Street,???? ??????,Beside Road,2.2
2008,????? ,Ajman,????? ??? ????? ??????? (CO),Carbon Monoxide (CO) Concentration,???????/??? ????,mg/m3,---,---,---,---,0.858666667
2008,???,Dubai,????? ??? ????? ??????? (CO),Carbon Monoxide (CO) Concentration,???????/??? ????,mg/m3,???? ,Deira,????? ,Residential,0.572444444
2008,???,Dubai,????? ??? ????? ??????? (CO),Carbon Monoxide (CO) Concentration,???????/??? ????,mg/m3,????? ,Al Safa,????? ,Residential,0.686933333
2008,???,Dubai,????? ??? ????? ??????? (CO),Carbon Monoxide (CO) Concentration,???????/??? ????,mg/m3,??????? , Al Karama,????? ,Residential,0.572444444
2008,???,Dubai,????? ??? ????? ??????? (CO),Carbon Monoxide (CO) Concentration,???????/??? ????,mg/m3,?????? ,Al Mushref,????? / ?????,Residential / Park,-
2008,???????,Fujairah,????? ??? ????? ??????? (CO),Carbon Monoxide (CO) Concentration,???????/??? ????,mg/m3,?????,Sakamkam,??????? / ?????,Urban/Residential,0.572444444
2008,???????,Fujairah,????? ??? ????? ??????? (CO),Carbon Monoxide (CO) Concentration,???????/??? ????,mg/m3,??????,Airport,??????,Industrial,0.915911111
2008,??? ?????? ,Ras Al-Khaimah ,????? ??? ????? ??????? (CO),Carbon Monoxide (CO) Concentration,???????/??? ????,mg/m3,????????,Al Qasimiah,???????/ ?????,Urban/Residential,0.870115556
2008,??? ?????? ,Ras Al-Khaimah ,????? ??? ????? ??????? (CO),Carbon Monoxide (CO) Concentration,???????/??? ????,mg/m3,?????,Al  Jeer,???????/ ?????,Urban/Residential,1.568497778
2008,??? ?????? ,Ras Al-Khaimah ,????? ??? ????? ??????? (CO),Carbon Monoxide (CO) Concentration,???????/??? ????,mg/m3,????????,Burairat,???????/ ?????,Urban/Residential,...
2009,??????,Abu Dhabi  ,????? ??? ????? ??????? (CO),Carbon Monoxide (CO) Concentration,???????/??? ????,mg/m8,???? ?????,Hamdan Street,???? ??????,Beside Road,1.1
2009,??????,Abu Dhabi  ,????? ??? ????? ??????? (CO),Carbon Monoxide (CO) Concentration,???????/??? ????,mg/m9,???? ????? ,Al-Ain Street,???? ??????,Beside Road,1.4
2009,????? ,Ajman,????? ??? ????? ??????? (CO),Carbon Monoxide (CO) Concentration,???????/??? ????,mg/m3,---,---,---,---,0.778524444
2009,???,Dubai,????? ??? ????? ??????? (CO),Carbon Monoxide (CO) Concentration,???????/??? ????,mg/m3,???? ,Deira,????? ,Residential,0.572444444
2009,???,Dubai,????? ??? ????? ??????? (CO),Carbon Monoxide (CO) Concentration,???????/??? ????,mg/m3,????? ,Al Safa,????? ,Residential,0.572444444
2009,???,Dubai,????? ??? ????? ??????? (CO),Carbon Monoxide (CO) Concentration,???????/??? ????,mg/m3,??????? , Al Karama,????? ,Residential,-
2009,???,Dubai,????? ??? ????? ??????? (CO),Carbon Monoxide (CO) Concentration,???????/??? ????,mg/m3,?????? ,Al Mushref,????? / ?????,Residential / Park,-
2009,???????,Fujairah,????? ??? ????? ??????? (CO),Carbon Monoxide (CO) Concentration,???????/??? ????,mg/m3,?????,Sakamkam,??????? / ?????,Urban/Residential,0.801422222
2009,???????,Fujairah,????? ??? ????? ??????? (CO),Carbon Monoxide (CO) Concentration,???????/??? ????,mg/m3,??????,Airport,??????,Industrial,1.717333333
2009,??? ?????? ,Ras Al-Khaimah ,????? ??? ????? ??????? (CO),Carbon Monoxide (CO) Concentration,???????/??? ????,mg/m3,????????,Al Qasimiah,???????/ ?????,Urban/Residential,0.881564444
2009,??? ?????? ,Ras Al-Khaimah ,????? ??? ????? ??????? (CO),Carbon Monoxide (CO) Concentration,???????/??? ????,mg/m3,?????,Al  Jeer,???????/ ?????,Urban/Residential,0.698382222
2009,??? ?????? ,Ras Al-Khaimah ,????? ??? ????? ??????? (CO),Carbon Monoxide (CO) Concentration,???????/??? ????,mg/m3,????????,Burairat,???????/ ?????,Urban/Residential,0.675484444
2010,??????,Abu Dhabi  ,????? ??? ????? ??????? (CO),Carbon Monoxide (CO) Concentration,???????/??? ????,mg/m10,???? ?????,Hamdan Street,???? ??????,Beside Road,1
2010,??????,Abu Dhabi  ,????? ??? ????? ??????? (CO),Carbon Monoxide (CO) Concentration,???????/??? ????,mg/m11,???? ????? ,Al-Ain Street,???? ??????,Beside Road,0.9
2010,????? ,Ajman,????? ??? ????? ??????? (CO),Carbon Monoxide (CO) Concentration,???????/??? ????,mg/m3,---,---,---,---,0.82432
2010,???,Dubai,????? ??? ????? ??????? (CO),Carbon Monoxide (CO) Concentration,???????/??? ????,mg/m3,???? ,Deira,????? ,Residential,0.572444444
2010,???,Dubai,????? ??? ????? ??????? (CO),Carbon Monoxide (CO) Concentration,???????/??? ????,mg/m3,????? ,Al Safa,????? ,Residential,-
2010,???,Dubai,????? ??? ????? ??????? (CO),Carbon Monoxide (CO) Concentration,???????/??? ????,mg/m3,??????? , Al Karama,????? ,Residential,-
2010,???,Dubai,????? ??? ????? ??????? (CO),Carbon Monoxide (CO) Concentration,???????/??? ????,mg/m3,?????? ,Al Mushref,????? / ?????,Residential / Park,-
2010,???????,Fujairah,????? ??? ????? ??????? (CO),Carbon Monoxide (CO) Concentration,???????/??? ????,mg/m3,?????,Sakamkam,??????? / ?????,Urban/Residential,…
2010,???????,Fujairah,????? ??? ????? ??????? (CO),Carbon Monoxide (CO) Concentration,???????/??? ????,mg/m3,??????,Airport,??????,Industrial,1.488355556
2010,??? ?????? ,Ras Al-Khaimah ,????? ??? ????? ??????? (CO),Carbon Monoxide (CO) Concentration,???????/??? ????,mg/m3,????????,Al Qasimiah,???????/ ?????,Urban/Residential,1.110542222
2010,??? ?????? ,Ras Al-Khaimah ,????? ??? ????? ??????? (CO),Carbon Monoxide (CO) Concentration,???????/??? ????,mg/m3,?????,Al  Jeer,???????/ ?????,Urban/Residential,0.755626667
2010,??? ?????? ,Ras Al-Khaimah ,????? ??? ????? ??????? (CO),Carbon Monoxide (CO) Concentration,???????/??? ????,mg/m3,????????,Burairat,???????/ ?????,Urban/Residential,0.595342222
2011,??????,Abu Dhabi  ,????? ??? ????? ??????? (CO),Carbon Monoxide (CO) Concentration,???????/??? ????,mg/m12,???? ?????,Hamdan Street,???? ??????,Beside Road,0.9
2011,??????,Abu Dhabi  ,????? ??? ????? ??????? (CO),Carbon Monoxide (CO) Concentration,???????/??? ????,mg/m13,???? ????? ,Al-Ain Street,???? ??????,Beside Road,1
2011,???,Dubai,????? ??? ????? ??????? (CO),Carbon Monoxide (CO) Concentration,???????/??? ????,mg/m3,???? ,Deira,????? ,Residential,0.572444444
2011,???,Dubai,????? ??? ????? ??????? (CO),Carbon Monoxide (CO) Concentration,???????/??? ????,mg/m3,????? ,Al Safa,????? ,Residential,-
2011,???,Dubai,????? ??? ????? ??????? (CO),Carbon Monoxide (CO) Concentration,???????/??? ????,mg/m3,??????? , Al Karama,????? ,Residential,-
2011,???,Dubai,????? ??? ????? ??????? (CO),Carbon Monoxide (CO) Concentration,???????/??? ????,mg/m3,?????? ,Al Mushref,????? / ?????,Residential / Park,-
2011,???????,Fujairah,????? ??? ????? ??????? (CO),Carbon Monoxide (CO) Concentration,???????/??? ????,mg/m3,?????,Sakamkam,??????? / ?????,Urban/Residential,0.091591111
2011,???????,Fujairah,????? ??? ????? ??????? (CO),Carbon Monoxide (CO) Concentration,???????/??? ????,mg/m3,??????,Airport,??????,Industrial,0.045795556
2012,??????,Abu Dhabi  ,????? ??? ????? ??????? (CO),Carbon Monoxide (CO) Concentration,???????/??? ????,mg/m14,???? ?????,Hamdan Street,???? ??????,Beside Road,1
2012,??????,Abu Dhabi  ,????? ??? ????? ??????? (CO),Carbon Monoxide (CO) Concentration,???????/??? ????,mg/m15,???? ????? ,Al-Ain Street,???? ??????,Beside Road,1
2012,???,Dubai,????? ??? ????? ??????? (CO),Carbon Monoxide (CO) Concentration,???????/??? ????,mg/m3,???? ,Deira,????? ,Residential,2.381368889
2012,???,Dubai,????? ??? ????? ??????? (CO),Carbon Monoxide (CO) Concentration,???????/??? ????,mg/m3,????? ,Al Safa,????? ,Residential,-
2012,???,Dubai,????? ??? ????? ??????? (CO),Carbon Monoxide (CO) Concentration,???????/??? ????,mg/m3,??????? , Al Karama,????? ,Residential,-
2012,???,Dubai,????? ??? ????? ??????? (CO),Carbon Monoxide (CO) Concentration,???????/??? ????,mg/m3,?????? ,Al Mushref,????? / ?????,Residential / Park,0.114488889
2013,??????,Abu Dhabi  ,????? ??? ????? ??????? (CO),Carbon Monoxide (CO) Concentration,???????/??? ????,mg/m3  ,???? ?????,Hamdan Street,???? ??????,Traffic,0.7
2013,??????,Abu Dhabi  ,????? ??? ????? ??????? (CO),Carbon Monoxide (CO) Concentration,???????/??? ????,mg/m3  ,????? ?????,Khadejah School,??? ??????? ,Down Town,-
2013,??????,Abu Dhabi  ,????? ??? ????? ??????? (CO),Carbon Monoxide (CO) Concentration,???????/??? ????,mg/m3  ,????? ?????,Khalifa School,?????/ ?????,Urban/Residential,-
2013,??????,Abu Dhabi  ,????? ??? ????? ??????? (CO),Carbon Monoxide (CO) Concentration,???????/??? ????,mg/m3  ,??????,Al Maqta,?????/ ?????,Urban/Residential,0.3
2013,??????,Abu Dhabi  ,????? ??? ????? ??????? (CO),Carbon Monoxide (CO) Concentration,???????/??? ????,mg/m3  ,????? ????? ?,Khalifa City A, ?????/ ?????,Urban/Residential,-
2013,??????,Abu Dhabi  ,????? ??? ????? ??????? (CO),Carbon Monoxide (CO) Concentration,???????/??? ????,mg/m3  ,????? ??? ???,Baniyas School,?????/ ?????,Urban/Residential,-
2013,??????,Abu Dhabi  ,????? ??? ????? ??????? (CO),Carbon Monoxide (CO) Concentration,???????/??? ????,mg/m3  ,????,Mussafah ,??????  ,Industrial,-
2013,??????,Abu Dhabi  ,????? ??? ????? ??????? (CO),Carbon Monoxide (CO) Concentration,???????/??? ????,mg/m3  ,??????,Al Mafraq,??????,Industrial,-
2013,??????,Abu Dhabi  ,????? ??? ????? ??????? (CO),Carbon Monoxide (CO) Concentration,???????/??? ????,mg/m3  , ???? ?????,Al Ain Street,???? ??????,Traffic,0.9
2013,??????,Abu Dhabi  ,????? ??? ????? ??????? (CO),Carbon Monoxide (CO) Concentration,???????/??? ????,mg/m3  ,????? ?????,Al Ain Islamic Institute,?????/ ?????,Urban/Residential,-
2013,??????,Abu Dhabi  ,????? ??? ????? ??????? (CO),Carbon Monoxide (CO) Concentration,???????/??? ????,mg/m3  ,??????,Al Tawia,?????/ ?????,Urban/Residential,-
2013,??????,Abu Dhabi  ,????? ??? ????? ??????? (CO),Carbon Monoxide (CO) Concentration,???????/??? ????,mg/m3  ,????,Zakher , ?????/ ?????,Urban/Residential,-
2013,??????,Abu Dhabi  ,????? ??? ????? ??????? (CO),Carbon Monoxide (CO) Concentration,???????/??? ????,mg/m3  ,??????,Sweihan,?????/ ?????,Urban/Residential,0.3
2013,??????,Abu Dhabi  ,????? ??? ????? ??????? (CO),Carbon Monoxide (CO) Concentration,???????/??? ????,mg/m3  ,?????,Al Qua'a,?????/ ?????,Residential,0.2
2013,??????,Abu Dhabi  ,????? ??? ????? ??????? (CO),Carbon Monoxide (CO) Concentration,???????/??? ????,mg/m3  ,???? ?????? - ???? ??????,Abu Dhabi- Tarif Road,???? ??????,Traffic,-
2013,??????,Abu Dhabi  ,????? ??? ????? ??????? (CO),Carbon Monoxide (CO) Concentration,???????/??? ????,mg/m3  , ??? ????,Bida Zayed ,?????/ ?????,Urban/Residential,-
2013,??????,Abu Dhabi  ,????? ??? ????? ??????? (CO),Carbon Monoxide (CO) Concentration,???????/??? ????,mg/m3  ,?????,Habshan South ,?????/ ?????,Residential,-
2013,??????,Abu Dhabi  ,????? ??? ????? ??????? (CO),Carbon Monoxide (CO) Concentration,???????/??? ????,mg/m3  ,??????,Ruwais ,??????  ,Industrial,-
2013,??????,Abu Dhabi  ,????? ??? ????? ??????? (CO),Carbon Monoxide (CO) Concentration,???????/??? ????,mg/m3  ,????? ?????,Gayathi School,??? ???????,Down Town,-
2013,??????,Abu Dhabi  ,????? ??? ????? ??????? (CO),Carbon Monoxide (CO) Concentration,???????/??? ????,mg/m3  ,???? ????,Liwa Oasis,?????,Remote Area,-
2013,????? ,Ajman,????? ??? ????? ??????? (CO),Carbon Monoxide (CO) Concentration,???????/??? ????,mg/m3  ,????????,Al hamediah ,????? ,Residential,0.806811255
2013,????? ,Ajman,????? ??? ????? ??????? (CO),Carbon Monoxide (CO) Concentration,???????/??? ????,mg/m3  ,?????,Musharif,????? ,Residential,0.996158502
2013,???,Dubai,????? ??? ????? ??????? (CO),Carbon Monoxide (CO) Concentration,???????/??? ????,mg/m3  ,???? ,Deira,?????-??????,Residential-Commercial,0.4248
2013,???,Dubai,????? ??? ????? ??????? (CO),Carbon Monoxide (CO) Concentration,???????/??? ????,mg/m3  ,???????,Karama,?????-??????,Residential-Commercial,0.4167
2013,???,Dubai,????? ??? ????? ??????? (CO),Carbon Monoxide (CO) Concentration,???????/??? ????,mg/m3  ,????? ?????,Zabeel Park,?????,Park,0.5564
2013,???,Dubai,????? ??? ????? ??????? (CO),Carbon Monoxide (CO) Concentration,???????/??? ????,mg/m3  ,???? ??? ??? ,Jebel Ali Village,?????,Residential,0.1431
2013,???,Dubai,????? ??? ????? ??????? (CO),Carbon Monoxide (CO) Concentration,???????/??? ????,mg/m3  ,???? ????????,Emirates Hills,?????,Residential,0.7064
2013,???,Dubai,????? ??? ????? ??????? (CO),Carbon Monoxide (CO) Concentration,???????/??? ????,mg/m3  ,???? ???,Dubai Airport,?????,Airport,0.3606
2013,???,Dubai,????? ??? ????? ??????? (CO),Carbon Monoxide (CO) Concentration,???????/??? ????,mg/m3  ,??????,Mushrif,?????,Park,-
2013,???,Dubai,????? ??? ????? ??????? (CO),Carbon Monoxide (CO) Concentration,???????/??? ????,mg/m3  ,???,Hatta,?????,Remote Area,-
2013,???,Dubai,????? ??? ????? ??????? (CO),Carbon Monoxide (CO) Concentration,???????/??? ????,mg/m3  ,????? ??? ???,Jebel Ali Port,??????  ,Industrial,0.75
2013,???,Dubai,????? ??? ????? ??????? (CO),Carbon Monoxide (CO) Concentration,???????/??? ????,mg/m3  ,????? ,Warsan,??????  ,Industrial,-
2013,???,Dubai,????? ??? ????? ??????? (CO),Carbon Monoxide (CO) Concentration,???????/??? ????,mg/m3  ,???? ????? ????,Shk. Zayed Road,???? ??????,Traffic,0.4545
2013,???,Dubai,????? ??? ????? ??????? (CO),Carbon Monoxide (CO) Concentration,???????/??? ????,mg/m3  ,???? ????? ???? ?? ????,Sheikh Mohd. Bin Zayed Rd.,???? ??????,Traffic,0.5702
2013,??? ?????? ,Ras Al-Khaimah ,????? ??? ????? ??????? (CO),Carbon Monoxide (CO) Concentration,???????/??? ????,mg/m3  ,?????,Al Jeer,????? ,Residential,0.844030738
2013,??? ?????? ,Ras Al-Khaimah ,????? ??? ????? ??????? (CO),Carbon Monoxide (CO) Concentration,???????/??? ????,mg/m3  ,????????,Al Burairat,????? ,Residential,0.812932204
2013,??? ?????? ,Ras Al-Khaimah ,????? ??? ????? ??????? (CO),Carbon Monoxide (CO) Concentration,???????/??? ????,mg/m3  ,????????,AL Qasmiah,????? ,Residential,1.019106303
2013,??? ?????? ,Ras Al-Khaimah ,????? ??? ????? ??????? (CO),Carbon Monoxide (CO) Concentration,???????/??? ????,mg/m3  ,?????,Ghalilah,????? ,Residential,0.762280555
2013,???????,Sharjah,????? ??? ????? ??????? (CO),Carbon Monoxide (CO) Concentration,???????/??? ????,mg/m3  ,???????,Al hummariah,?????? ,Industrial ,0.565020894
2013,???????,Sharjah,????? ??? ????? ??????? (CO),Carbon Monoxide (CO) Concentration,???????/??? ????,mg/m3  ,?????,Kalba,????? ,Residential,0.569221814
2014,??????,Abu Dhabi  ,????? ??? ????? ??????? (CO),Carbon Monoxide (CO) Concentration,???????/??? ????,mg/m3  ,???? ?????,Hamdan Street,???? ??????,Traffic,1.080154079
2014,??????,Abu Dhabi  ,????? ??? ????? ??????? (CO),Carbon Monoxide (CO) Concentration,???????/??? ????,mg/m3  ,????? ?????,Khadejah School,??? ??????? ,Down Town,-
2014,??????,Abu Dhabi  ,????? ??? ????? ??????? (CO),Carbon Monoxide (CO) Concentration,???????/??? ????,mg/m3  ,????? ?????,Khalifa School,?????/ ?????,Urban/Residential,-
2014,??????,Abu Dhabi  ,????? ??? ????? ??????? (CO),Carbon Monoxide (CO) Concentration,???????/??? ????,mg/m3  ,??????,Al Maqta,?????/ ?????,Urban/Residential,0.679677524
2014,??????,Abu Dhabi  ,????? ??? ????? ??????? (CO),Carbon Monoxide (CO) Concentration,???????/??? ????,mg/m3  ,????? ????? ?,Khalifa City A, ?????/ ?????,Urban/Residential,-
2014,??????,Abu Dhabi  ,????? ??? ????? ??????? (CO),Carbon Monoxide (CO) Concentration,???????/??? ????,mg/m3  ,????? ??? ???,Baniyas School,?????/ ?????,Urban/Residential,-
2014,??????,Abu Dhabi  ,????? ??? ????? ??????? (CO),Carbon Monoxide (CO) Concentration,???????/??? ????,mg/m3  ,????,Mussafah ,??????  ,Industrial,-
2014,??????,Abu Dhabi  ,????? ??? ????? ??????? (CO),Carbon Monoxide (CO) Concentration,???????/??? ????,mg/m3  ,??????,Al Mafraq,??????,Industrial,-
2014,??????,Abu Dhabi  ,????? ??? ????? ??????? (CO),Carbon Monoxide (CO) Concentration,???????/??? ????,mg/m3  , ???? ?????,Al Ain Street,???? ??????,Traffic,0.91703125
2014,??????,Abu Dhabi  ,????? ??? ????? ??????? (CO),Carbon Monoxide (CO) Concentration,???????/??? ????,mg/m3  ,????? ?????,Al Ain Islamic Institute,?????/ ?????,Urban/Residential,-
2014,??????,Abu Dhabi  ,????? ??? ????? ??????? (CO),Carbon Monoxide (CO) Concentration,???????/??? ????,mg/m3  ,??????,Al Tawia,?????/ ?????,Urban/Residential,-
2014,??????,Abu Dhabi  ,????? ??? ????? ??????? (CO),Carbon Monoxide (CO) Concentration,???????/??? ????,mg/m3  ,????,Zakher , ?????/ ?????,Urban/Residential,-
2014,??????,Abu Dhabi  ,????? ??? ????? ??????? (CO),Carbon Monoxide (CO) Concentration,???????/??? ????,mg/m3  ,??????,Sweihan,?????/ ?????,Urban/Residential,0.472319218
2014,??????,Abu Dhabi  ,????? ??? ????? ??????? (CO),Carbon Monoxide (CO) Concentration,???????/??? ????,mg/m3  ,?????,Al Qua'a,?????/ ?????,Residential,0.339711765
2014,??????,Abu Dhabi  ,????? ??? ????? ??????? (CO),Carbon Monoxide (CO) Concentration,???????/??? ????,mg/m3  ,???? ?????? - ???? ??????,Abu Dhabi- Tarif Road,???? ??????,Traffic,0.347861702
2014,??????,Abu Dhabi  ,????? ??? ????? ??????? (CO),Carbon Monoxide (CO) Concentration,???????/??? ????,mg/m3  , ??? ????,Bida Zayed ,?????/ ?????,Urban/Residential,-
2014,??????,Abu Dhabi  ,????? ??? ????? ??????? (CO),Carbon Monoxide (CO) Concentration,???????/??? ????,mg/m3  ,?????,Habshan South ,?????/ ?????,Residential,-
2014,??????,Abu Dhabi  ,????? ??? ????? ??????? (CO),Carbon Monoxide (CO) Concentration,???????/??? ????,mg/m3  ,??????,Ruwais ,??????  ,Industrial,0.302438931
2014,??????,Abu Dhabi  ,????? ??? ????? ??????? (CO),Carbon Monoxide (CO) Concentration,???????/??? ????,mg/m3  ,????? ?????,Gayathi School,??? ???????,Down Town,-
2014,??????,Abu Dhabi  ,????? ??? ????? ??????? (CO),Carbon Monoxide (CO) Concentration,???????/??? ????,mg/m3  ,???? ????,Liwa Oasis,?????,Remote Area,-
2014,????? ,Ajman,????? ??? ????? ??????? (CO),Carbon Monoxide (CO) Concentration,???????/??? ????,mg/m3  ,????????,Al hamediah ,????? ,Residential,-
2014,????? ,Ajman,????? ??? ????? ??????? (CO),Carbon Monoxide (CO) Concentration,???????/??? ????,mg/m3  ,?????,Musharif,????? ,Residential,1.152549516
2014,???,Dubai,????? ??? ????? ??????? (CO),Carbon Monoxide (CO) Concentration,???????/??? ????,mg/m3  ,???? ,Deira,?????-??????,Residential-Commercial,0.3663
2014,???,Dubai,????? ??? ????? ??????? (CO),Carbon Monoxide (CO) Concentration,???????/??? ????,mg/m3  ,???????,Karama,?????-??????,Residential-Commercial,0.5495
2014,???,Dubai,????? ??? ????? ??????? (CO),Carbon Monoxide (CO) Concentration,???????/??? ????,mg/m3  ,????? ?????,Zabeel Park,?????,Park,0.5266
2014,???,Dubai,????? ??? ????? ??????? (CO),Carbon Monoxide (CO) Concentration,???????/??? ????,mg/m3  ,???? ??? ??? ,Jebel Ali Village,?????,Residential,0.4351
2014,???,Dubai,????? ??? ????? ??????? (CO),Carbon Monoxide (CO) Concentration,???????/??? ????,mg/m3  ,???? ????????,Emirates Hills,?????,Residential,0.4456
2014,???,Dubai,????? ??? ????? ??????? (CO),Carbon Monoxide (CO) Concentration,???????/??? ????,mg/m3  ,???? ???,Dubai Airport,?????,Airport,0.4694
2014,???,Dubai,????? ??? ????? ??????? (CO),Carbon Monoxide (CO) Concentration,???????/??? ????,mg/m3  ,??????,Mushrif,?????,Park,-
2014,???,Dubai,????? ??? ????? ??????? (CO),Carbon Monoxide (CO) Concentration,???????/??? ????,mg/m3  ,???,Hatta,?????,Remote Area,-
2014,???,Dubai,????? ??? ????? ??????? (CO),Carbon Monoxide (CO) Concentration,???????/??? ????,mg/m3  ,????? ??? ???,Jebel Ali Port,??????  ,Industrial,0.4694
2014,???,Dubai,????? ??? ????? ??????? (CO),Carbon Monoxide (CO) Concentration,???????/??? ????,mg/m3  ,????? ,Warsan,??????  ,Industrial,-
2014,???,Dubai,????? ??? ????? ??????? (CO),Carbon Monoxide (CO) Concentration,???????/??? ????,mg/m3  ,???? ????? ????,Shk. Zayed Road,???? ??????,Traffic,0.8816
2014,???,Dubai,????? ??? ????? ??????? (CO),Carbon Monoxide (CO) Concentration,???????/??? ????,mg/m3  ,???? ????? ???? ?? ????,Sheikh Mohd. Bin Zayed Rd.,???? ??????,Traffic,0.4923
2014,??? ?????? ,Ras Al-Khaimah ,????? ??? ????? ??????? (CO),Carbon Monoxide (CO) Concentration,???????/??? ????,mg/m3  ,?????,Al Jeer,????? ,Residential,0.770213864
2014,??? ?????? ,Ras Al-Khaimah ,????? ??? ????? ??????? (CO),Carbon Monoxide (CO) Concentration,???????/??? ????,mg/m3  ,????????,Al Burairat,????? ,Residential,0.815224493
2014,??? ?????? ,Ras Al-Khaimah ,????? ??? ????? ??????? (CO),Carbon Monoxide (CO) Concentration,???????/??? ????,mg/m3  ,????????,AL Qasmiah,????? ,Residential,1.083200634
2014,??? ?????? ,Ras Al-Khaimah ,????? ??? ????? ??????? (CO),Carbon Monoxide (CO) Concentration,???????/??? ????,mg/m3  ,?????,Ghalilah,????? ,Residential,1.054800627
2014,???????,Sharjah,????? ??? ????? ??????? (CO),Carbon Monoxide (CO) Concentration,???????/??? ????,mg/m3  ,???????,Al hummariah,?????? ,Industrial ,0.739379538
2014,???????,Sharjah,????? ??? ????? ??????? (CO),Carbon Monoxide (CO) Concentration,???????/??? ????,mg/m3  ,?????,Kalba,????? ,Residential,0.788698101
2015,??????,Abu Dhabi  ,????? ??? ????? ??????? (CO),Carbon Monoxide (CO) Concentration,???????/??? ????,mg/m3  ,???? ?????,Hamdan Street,???? ??????,Traffic,1.763887
2015,??????,Abu Dhabi  ,????? ??? ????? ??????? (CO),Carbon Monoxide (CO) Concentration,???????/??? ????,mg/m3  ,????? ?????,Khadejah School,??? ??????? ,Down Town,-
2015,??????,Abu Dhabi  ,????? ??? ????? ??????? (CO),Carbon Monoxide (CO) Concentration,???????/??? ????,mg/m3  ,????? ?????,Khalifa School,?????/ ?????,Urban/Residential,-
2015,??????,Abu Dhabi  ,????? ??? ????? ??????? (CO),Carbon Monoxide (CO) Concentration,???????/??? ????,mg/m3  ,??????,Al Maqta,?????/ ?????,Urban/Residential,0.831336
2015,??????,Abu Dhabi  ,????? ??? ????? ??????? (CO),Carbon Monoxide (CO) Concentration,???????/??? ????,mg/m3  ,????? ????? ?,Khalifa City A, ?????/ ?????,Urban/Residential,-
2015,??????,Abu Dhabi  ,????? ??? ????? ??????? (CO),Carbon Monoxide (CO) Concentration,???????/??? ????,mg/m3  ,????? ??? ???,Baniyas School,?????/ ?????,Urban/Residential,-
2015,??????,Abu Dhabi  ,????? ??? ????? ??????? (CO),Carbon Monoxide (CO) Concentration,???????/??? ????,mg/m3  ,????,Mussafah ,??????  ,Industrial,-
2015,??????,Abu Dhabi  ,????? ??? ????? ??????? (CO),Carbon Monoxide (CO) Concentration,???????/??? ????,mg/m3  ,??????,Al Mafraq,??????,Industrial,-
2015,??????,Abu Dhabi  ,????? ??? ????? ??????? (CO),Carbon Monoxide (CO) Concentration,???????/??? ????,mg/m3  , ???? ?????,Al Ain Street,???? ??????,Traffic,0.971206
2015,??????,Abu Dhabi  ,????? ??? ????? ??????? (CO),Carbon Monoxide (CO) Concentration,???????/??? ????,mg/m3  ,????? ?????,Al Ain Islamic Institute,?????/ ?????,Urban/Residential,-
2015,??????,Abu Dhabi  ,????? ??? ????? ??????? (CO),Carbon Monoxide (CO) Concentration,???????/??? ????,mg/m3  ,??????,Al Tawia,?????/ ?????,Urban/Residential,-
2015,??????,Abu Dhabi  ,????? ??? ????? ??????? (CO),Carbon Monoxide (CO) Concentration,???????/??? ????,mg/m3  ,????,Zakher , ?????/ ?????,Urban/Residential,-
2015,??????,Abu Dhabi  ,????? ??? ????? ??????? (CO),Carbon Monoxide (CO) Concentration,???????/??? ????,mg/m3  ,??????,Sweihan,?????/ ?????,Urban/Residential,0.658402
2015,??????,Abu Dhabi  ,????? ??? ????? ??????? (CO),Carbon Monoxide (CO) Concentration,???????/??? ????,mg/m3  ,?????,Al Qua'a,?????/ ?????,Residential,0.571986
2015,??????,Abu Dhabi  ,????? ??? ????? ??????? (CO),Carbon Monoxide (CO) Concentration,???????/??? ????,mg/m3  ,???? ?????? - ???? ??????,Abu Dhabi- Tarif Road,???? ??????,Traffic,-
2015,??????,Abu Dhabi  ,????? ??? ????? ??????? (CO),Carbon Monoxide (CO) Concentration,???????/??? ????,mg/m3  , ??? ????,Bida Zayed ,?????/ ?????,Urban/Residential,-
2015,??????,Abu Dhabi  ,????? ??? ????? ??????? (CO),Carbon Monoxide (CO) Concentration,???????/??? ????,mg/m3  ,?????,Habshan South ,?????/ ?????,Residential,-
2015,??????,Abu Dhabi  ,????? ??? ????? ??????? (CO),Carbon Monoxide (CO) Concentration,???????/??? ????,mg/m3  ,??????,Ruwais ,??????  ,Industrial,1.111991
2015,??????,Abu Dhabi  ,????? ??? ????? ??????? (CO),Carbon Monoxide (CO) Concentration,???????/??? ????,mg/m3  ,????? ?????,Gayathi School,??? ???????,Down Town,-
2015,??????,Abu Dhabi  ,????? ??? ????? ??????? (CO),Carbon Monoxide (CO) Concentration,???????/??? ????,mg/m3  ,???? ????,Liwa Oasis,?????,Remote Area,-
2015,????? ,Ajman,????? ??? ????? ??????? (CO),Carbon Monoxide (CO) Concentration,???????/??? ????,mg/m3  ,????????,Al hamediah ,????? ,Residential,1.440965
2015,????? ,Ajman,????? ??? ????? ??????? (CO),Carbon Monoxide (CO) Concentration,???????/??? ????,mg/m3  ,?????,Musharif,????? ,Residential,1.713191
2015,???,Dubai,????? ??? ????? ??????? (CO),Carbon Monoxide (CO) Concentration,???????/??? ????,mg/m3  ,???? ,Deira,?????-??????,Residential-Commercial,0.41508
2015,???,Dubai,????? ??? ????? ??????? (CO),Carbon Monoxide (CO) Concentration,???????/??? ????,mg/m3  ,???????,Karama,?????-??????,Residential-Commercial,0.436442
2015,???,Dubai,????? ??? ????? ??????? (CO),Carbon Monoxide (CO) Concentration,???????/??? ????,mg/m3  ,????? ?????,Zabeel Park,?????,Park,0.468814
2015,???,Dubai,????? ??? ????? ??????? (CO),Carbon Monoxide (CO) Concentration,???????/??? ????,mg/m3  ,???? ??? ??? ,Jebel Ali Village,?????,Residential,0.325044
2015,???,Dubai,????? ??? ????? ??????? (CO),Carbon Monoxide (CO) Concentration,???????/??? ????,mg/m3  ,???? ????????,Emirates Hills,?????,Residential,0.377188
2015,???,Dubai,????? ??? ????? ??????? (CO),Carbon Monoxide (CO) Concentration,???????/??? ????,mg/m3  ,???? ???,Dubai Airport,?????,Airport,0.452023
2015,???,Dubai,????? ??? ????? ??????? (CO),Carbon Monoxide (CO) Concentration,???????/??? ????,mg/m3  ,??????,Mushrif,?????,Park,-
2015,???,Dubai,????? ??? ????? ??????? (CO),Carbon Monoxide (CO) Concentration,???????/??? ????,mg/m3  ,???,Hatta,?????,Remote Area,-
2015,???,Dubai,????? ??? ????? ??????? (CO),Carbon Monoxide (CO) Concentration,???????/??? ????,mg/m3  ,????? ??? ???,Jebel Ali Port,??????  ,Industrial,0.41793
2015,???,Dubai,????? ??? ????? ??????? (CO),Carbon Monoxide (CO) Concentration,???????/??? ????,mg/m3  ,????? ,Warsan,??????  ,Industrial,-
2015,???,Dubai,????? ??? ????? ??????? (CO),Carbon Monoxide (CO) Concentration,???????/??? ????,mg/m3  ,???? ????? ????,Shk. Zayed Road,???? ??????,Traffic,0.920715
2015,???,Dubai,????? ??? ????? ??????? (CO),Carbon Monoxide (CO) Concentration,???????/??? ????,mg/m3  ,???? ????? ???? ?? ????,Sheikh Mohd. Bin Zayed Rd.,???? ??????,Traffic,0.456705
2015,??? ?????? ,Ras Al-Khaimah ,????? ??? ????? ??????? (CO),Carbon Monoxide (CO) Concentration,???????/??? ????,mg/m3  ,?????,Al Jeer,????? ,Residential,0.848131
2015,??? ?????? ,Ras Al-Khaimah ,????? ??? ????? ??????? (CO),Carbon Monoxide (CO) Concentration,???????/??? ????,mg/m3  ,????????,Al Burairat,????? ,Residential,1.022465
2015,??? ?????? ,Ras Al-Khaimah ,????? ??? ????? ??????? (CO),Carbon Monoxide (CO) Concentration,???????/??? ????,mg/m3  ,????????,AL Qasmiah,????? ,Residential,1.788584
2015,??? ?????? ,Ras Al-Khaimah ,????? ??? ????? ??????? (CO),Carbon Monoxide (CO) Concentration,???????/??? ????,mg/m3  ,?????,Ghalilah,????? ,Residential,1.38284
2015,???????,Sharjah,????? ??? ????? ??????? (CO),Carbon Monoxide (CO) Concentration,???????/??? ????,mg/m3  ,???????,Al hummariah,?????? ,Industrial ,0.800153
2015,???????,Sharjah,????? ??? ????? ??????? (CO),Carbon Monoxide (CO) Concentration,???????/??? ????,mg/m3  ,?????,Kalba,????? ,Residential,1.058263
2016,??????,Abu Dhabi  ,????? ??? ????? ??????? (CO),Carbon Monoxide (CO) Concentration,???????/??? ????,mg/m3  ,???? ?????,Hamdan Street,???? ??????,Traffic,1.36059293
2016,??????,Abu Dhabi  ,????? ??? ????? ??????? (CO),Carbon Monoxide (CO) Concentration,???????/??? ????,mg/m3  ,????? ?????,Khadejah School,??? ??????? ,Down Town,-
2016,??????,Abu Dhabi  ,????? ??? ????? ??????? (CO),Carbon Monoxide (CO) Concentration,???????/??? ????,mg/m3  ,????? ?????,Khalifa School,?????/ ?????,Urban/Residential,-
2016,??????,Abu Dhabi  ,????? ??? ????? ??????? (CO),Carbon Monoxide (CO) Concentration,???????/??? ????,mg/m3  ,??????,Al Maqta,?????/ ?????,Urban/Residential,0.635076069
2016,??????,Abu Dhabi  ,????? ??? ????? ??????? (CO),Carbon Monoxide (CO) Concentration,???????/??? ????,mg/m3  ,????? ????? ?,Khalifa City A, ?????/ ?????,Urban/Residential,-
2016,??????,Abu Dhabi  ,????? ??? ????? ??????? (CO),Carbon Monoxide (CO) Concentration,???????/??? ????,mg/m3  ,????? ??? ???,Baniyas School,?????/ ?????,Urban/Residential,-
2016,??????,Abu Dhabi  ,????? ??? ????? ??????? (CO),Carbon Monoxide (CO) Concentration,???????/??? ????,mg/m3  ,????,Mussafah ,??????  ,Industrial,-
2016,??????,Abu Dhabi  ,????? ??? ????? ??????? (CO),Carbon Monoxide (CO) Concentration,???????/??? ????,mg/m3  ,??????,Al Mafraq,??????,Industrial,
2016,??????,Abu Dhabi  ,????? ??? ????? ??????? (CO),Carbon Monoxide (CO) Concentration,???????/??? ????,mg/m3  , ???? ?????,Al Ain Street,???? ??????,Traffic,0.637461477
2016,??????,Abu Dhabi  ,????? ??? ????? ??????? (CO),Carbon Monoxide (CO) Concentration,???????/??? ????,mg/m3  ,????? ?????,Al Ain Islamic Institute,?????/ ?????,Urban/Residential,-
2016,??????,Abu Dhabi  ,????? ??? ????? ??????? (CO),Carbon Monoxide (CO) Concentration,???????/??? ????,mg/m3  ,??????,Al Tawia,?????/ ?????,Urban/Residential,-
2016,??????,Abu Dhabi  ,????? ??? ????? ??????? (CO),Carbon Monoxide (CO) Concentration,???????/??? ????,mg/m3  ,????,Zakher , ?????/ ?????,Urban/Residential,-
2016,??????,Abu Dhabi  ,????? ??? ????? ??????? (CO),Carbon Monoxide (CO) Concentration,???????/??? ????,mg/m3  ,??????,Sweihan,?????/ ?????,Urban/Residential,0.458614403
2016,??????,Abu Dhabi  ,????? ??? ????? ??????? (CO),Carbon Monoxide (CO) Concentration,???????/??? ????,mg/m3  ,?????,Al Qua'a,?????/ ?????,Residential,0.268188719
2016,??????,Abu Dhabi  ,????? ??? ????? ??????? (CO),Carbon Monoxide (CO) Concentration,???????/??? ????,mg/m3  ,???? ?????? - ???? ??????,Abu Dhabi- Tarif Road,???? ??????,Traffic,-
2016,??????,Abu Dhabi  ,????? ??? ????? ??????? (CO),Carbon Monoxide (CO) Concentration,???????/??? ????,mg/m3  , ??? ????,Bida Zayed ,?????/ ?????,Urban/Residential,-
2016,??????,Abu Dhabi  ,????? ??? ????? ??????? (CO),Carbon Monoxide (CO) Concentration,???????/??? ????,mg/m3  ,?????,Habshan South ,?????/ ?????,Residential,-
2016,??????,Abu Dhabi  ,????? ??? ????? ??????? (CO),Carbon Monoxide (CO) Concentration,???????/??? ????,mg/m3  ,??????,Ruwais ,??????  ,Industrial,0.847105083
2016,??????,Abu Dhabi  ,????? ??? ????? ??????? (CO),Carbon Monoxide (CO) Concentration,???????/??? ????,mg/m3  ,????? ?????,Gayathi School,??? ???????,Down Town,-
2016,??????,Abu Dhabi  ,????? ??? ????? ??????? (CO),Carbon Monoxide (CO) Concentration,???????/??? ????,mg/m3  ,???? ????,Liwa Oasis,?????,Remote Area,-
2016,????? ,Ajman,????? ??? ????? ??????? (CO),Carbon Monoxide (CO) Concentration,???????/??? ????,mg/m3  ,????????,Al hamediah ,????? ,Residential,1.686666667
2016,????? ,Ajman,????? ??? ????? ??????? (CO),Carbon Monoxide (CO) Concentration,???????/??? ????,mg/m3  ,?????,Musharif,????? ,Residential,0.926666667
2016,???,Dubai,????? ??? ????? ??????? (CO),Carbon Monoxide (CO) Concentration,???????/??? ????,mg/m3  ,???? ,Deira,?????-??????,Residential-Commercial,0.687259375
2016,???,Dubai,????? ??? ????? ??????? (CO),Carbon Monoxide (CO) Concentration,???????/??? ????,mg/m3  ,???????,Karama,?????-??????,Residential-Commercial,0.698029647
2016,???,Dubai,????? ??? ????? ??????? (CO),Carbon Monoxide (CO) Concentration,???????/??? ????,mg/m3  ,????? ?????,Zabeel Park,?????,Park,0.78986637
2016,???,Dubai,????? ??? ????? ??????? (CO),Carbon Monoxide (CO) Concentration,???????/??? ????,mg/m3  ,???? ??? ??? ,Jebel Ali Village,?????,Residential,0.449141472
2016,???,Dubai,????? ??? ????? ??????? (CO),Carbon Monoxide (CO) Concentration,???????/??? ????,mg/m3  ,???? ????????,Emirates Hills,?????,Residential,0.543957663
2016,???,Dubai,????? ??? ????? ??????? (CO),Carbon Monoxide (CO) Concentration,???????/??? ????,mg/m3  ,???? ???,Dubai Airport,?????,Airport,0.71866365
2016,???,Dubai,????? ??? ????? ??????? (CO),Carbon Monoxide (CO) Concentration,???????/??? ????,mg/m3  ,??????,Mushrif,?????,Park,0.580423304
2016,???,Dubai,????? ??? ????? ??????? (CO),Carbon Monoxide (CO) Concentration,???????/??? ????,mg/m3  ,???,Hatta,?????,Remote Area,0.404528459
2016,???,Dubai,????? ??? ????? ??????? (CO),Carbon Monoxide (CO) Concentration,???????/??? ????,mg/m3  ,????? ??? ???,Jebel Ali Port,??????  ,Industrial,-
2016,???,Dubai,????? ??? ????? ??????? (CO),Carbon Monoxide (CO) Concentration,???????/??? ????,mg/m3  ,????? ,Warsan,??????  ,Industrial,0.566454236
2016,???,Dubai,????? ??? ????? ??????? (CO),Carbon Monoxide (CO) Concentration,???????/??? ????,mg/m3  ,???? ????? ????,Shk. Zayed Road,???? ??????,Traffic,0.795045159
2016,???,Dubai,????? ??? ????? ??????? (CO),Carbon Monoxide (CO) Concentration,???????/??? ????,mg/m3  ,???? ????? ???? ?? ????,Sheikh Mohd. Bin Zayed Rd.,???? ??????,Traffic,0.776833951
2016,??? ?????? ,Ras Al-Khaimah ,????? ??? ????? ??????? (CO),Carbon Monoxide (CO) Concentration,???????/??? ????,mg/m3  ,?????,Al Jeer,????? ,Residential,0.780833333
2016,??? ?????? ,Ras Al-Khaimah ,????? ??? ????? ??????? (CO),Carbon Monoxide (CO) Concentration,???????/??? ????,mg/m3  ,????????,Al Burairat,????? ,Residential,1.190833333
2016,??? ?????? ,Ras Al-Khaimah ,????? ??? ????? ??????? (CO),Carbon Monoxide (CO) Concentration,???????/??? ????,mg/m3  ,????????,AL Qasmiah,????? ,Residential,1.671666667
2016,??? ?????? ,Ras Al-Khaimah ,????? ??? ????? ??????? (CO),Carbon Monoxide (CO) Concentration,???????/??? ????,mg/m3  ,?????,Ghalilah,????? ,Residential,1.0875
2016,???????,Sharjah,????? ??? ????? ??????? (CO),Carbon Monoxide (CO) Concentration,???????/??? ????,mg/m3  ,???????,Al hummariah,?????? ,Industrial ,0.998333333
2016,???????,Sharjah,????? ??? ????? ??????? (CO),Carbon Monoxide (CO) Concentration,???????/??? ????,mg/m3  ,?????,Kalba,????? ,Residential,0.986666667
